industry,avg_efficiency
Steel,61.750310666498315
Data Center,35.55601690307714
Pharma,26.518907336026512
Textile,47.672371360540104
Agriculture,72.09711350814342
Manufacturing,42.94985190466979
